<?xml version="1.0" encoding="UTF-8"?>
<project-private xmlns="http://www.netbeans.org/ns/project-private/1">
    <editor-bookmarks xmlns="http://www.netbeans.org/ns/editor-bookmarks/2" lastBookmarkId="0"/>
    <open-files xmlns="http://www.netbeans.org/ns/projectui-open-files/2">
        <group>
            <file>file:/C:/Users/Thali/Documents/NetBeansProjects/ControleDeVendas/src/java/br/com/controle/ItemPedido.java</file>
            <file>file:/C:/Users/Thali/Documents/NetBeansProjects/ControleDeVendas/src/java/br/com/bean/ServletEditarPedido.java</file>
            <file>file:/C:/Users/Thali/Documents/NetBeansProjects/ControleDeVendas/web/produtos.jsp</file>
            <file>file:/C:/Users/Thali/Documents/NetBeansProjects/ControleDeVendas/src/java/br/com/bean/ServletCadastrarPedido.java</file>
            <file>file:/C:/Users/Thali/Documents/NetBeansProjects/ControleDeVendas/src/java/br/com/modelo/PedidosDAO.java</file>
            <file>file:/C:/Users/Thali/Documents/NetBeansProjects/ControleDeVendas/web/pedidos.jsp</file>
            <file>file:/C:/Users/Thali/Documents/NetBeansProjects/ControleDeVendas/src/java/br/com/bean/ServletDeletarPedido.java</file>
        </group>
    </open-files>
</project-private>
